"Variables ->","RS","CPI_RW","RS_RW","GDP","GDP_RW","CPI","S","D4L_CPI_TAR"
"Comments ->","","","","","","","",""
"Class[Size] ->","tseries[157-by-1]","tseries[157-by-1]","tseries[157-by-1]","tseries[157-by-1]","tseries[157-by-1]","tseries[157-by-1]","tseries[157-by-1]","tseries[157-by-1]"
"1999Q1",1.63333333e+01,5.74863507e+01,3.08863490e+00,6.04776387e+01,7.98285349e+01,2.62366667e+01,2.51680000e+02,1.00000000e+01
"1999Q2",1.58333333e+01,5.77145557e+01,2.63487690e+00,6.12852151e+01,8.05749540e+01,2.70066667e+01,2.50650000e+02,1.00000000e+01
"1999Q3",1.55000000e+01,5.79606681e+01,2.69939390e+00,6.23908534e+01,8.15803458e+01,2.74633333e+01,2.53080000e+02,1.00000000e+01
"1999Q4",1.50000000e+01,5.82318967e+01,3.43063080e+00,6.33098311e+01,8.25560926e+01,2.79333333e+01,2.55620000e+02,1.00000000e+01
"2000Q1",1.26666667e+01,5.85883672e+01,3.54861540e+00,6.37508269e+01,8.36888947e+01,2.88600000e+01,2.56070000e+02,1.00000000e+01
"2000Q2",1.10000000e+01,5.87798949e+01,4.28480650e+00,6.41998784e+01,8.40919122e+01,2.95333333e+01,2.59110000e+02,1.00000000e+01
"2000Q3",1.10000000e+01,5.92430711e+01,4.73881540e+00,6.48142732e+01,8.43705972e+01,3.02333333e+01,2.61140000e+02,1.00000000e+01
"2000Q4",1.10000000e+01,5.96578183e+01,5.02817460e+00,6.57250377e+01,8.49294551e+01,3.08300000e+01,2.63940000e+02,1.00000000e+01
"2001Q1",1.10000000e+01,5.97992544e+01,4.74471880e+00,6.66266735e+01,8.65661284e+01,3.18000000e+01,2.65720000e+02,7.00000000e+00
"2001Q2",1.10000000e+01,6.04603121e+01,4.58854840e+00,6.70328746e+01,8.63165607e+01,3.26300000e+01,2.57220000e+02,7.00000000e+00
"2001Q3",1.11666667e+01,6.06388166e+01,4.27792310e+00,6.74754053e+01,8.63311307e+01,3.28466667e+01,2.51830000e+02,7.00000000e+00
"2001Q4",1.02500000e+01,6.08921464e+01,3.45222220e+00,6.79132442e+01,8.65449323e+01,3.30300000e+01,2.51620000e+02,7.00000000e+00
"2002Q1",8.66666667e+00,6.13364279e+01,3.36146770e+00,6.96739139e+01,8.65030849e+01,3.37833333e+01,2.44040000e+02,4.50000000e+00
"2002Q2",8.83333333e+00,6.17059928e+01,3.44606350e+00,7.00615797e+01,8.71175501e+01,3.44066667e+01,2.42940000e+02,4.50000000e+00
"2002Q3",9.50000000e+00,6.19177191e+01,3.35886360e+00,7.06650558e+01,8.75530520e+01,3.43200000e+01,2.45350000e+02,4.50000000e+00
"2002Q4",9.00000000e+00,6.22698729e+01,3.11620310e+00,7.13300537e+01,8.75053715e+01,3.46300000e+01,2.39470000e+02,4.50000000e+00
"2003Q1",6.50000000e+00,6.27706232e+01,2.68536510e+00,7.20640264e+01,8.72892688e+01,3.53866667e+01,2.43630000e+02,3.50000000e+00
"2003Q2",7.50000000e+00,6.28861682e+01,2.35914520e+00,7.27761987e+01,8.71748359e+01,3.57566667e+01,2.50950000e+02,3.50000000e+00
"2003Q3",9.50000000e+00,6.31763124e+01,2.13910610e+00,7.35929409e+01,8.79797050e+01,3.59333333e+01,2.59650000e+02,3.50000000e+00
"2003Q4",1.15000000e+01,6.35331216e+01,2.14931250e+00,7.43149968e+01,8.84679880e+01,3.64766667e+01,2.59820000e+02,3.50000000e+00
"2004Q1",1.24166667e+01,6.38804906e+01,2.06176560e+00,7.55105025e+01,8.91801132e+01,3.77833333e+01,2.60000000e+02,3.50000000e+00
"2004Q2",1.16666667e+01,6.43074978e+01,2.08344440e+00,7.65898263e+01,8.95464024e+01,3.84000000e+01,2.52160000e+02,3.50000000e+00
"2004Q3",1.11666667e+01,6.46054976e+01,2.11630300e+00,7.73029730e+01,8.98149700e+01,3.84600000e+01,2.48800000e+02,3.50000000e+00
"2004Q4",1.00000000e+01,6.49882377e+01,2.16400000e+00,7.78323704e+01,9.02673692e+01,3.86300000e+01,2.45940000e+02,3.50000000e+00
"2005Q1",8.33333333e+00,6.52248808e+01,2.14035480e+00,7.81615863e+01,9.00417900e+01,3.91233333e+01,2.45010000e+02,4.00000000e+00
"2005Q2",7.25000000e+00,6.55943773e+01,2.12444620e+00,8.02437100e+01,9.12875546e+01,3.97966667e+01,2.49750000e+02,4.00000000e+00
"2005Q3",6.33333333e+00,6.60912514e+01,2.13054550e+00,8.06093903e+01,9.14981138e+01,3.98266667e+01,2.45570000e+02,4.00000000e+00
"2005Q4",6.00000000e+00,6.64890583e+01,2.34371880e+00,8.13697803e+01,9.19433124e+01,3.98600000e+01,2.51840000e+02,4.00000000e+00
"2006Q1",6.00000000e+00,6.67763224e+01,2.61360000e+00,8.21710553e+01,9.33551330e+01,4.00466667e+01,2.54560000e+02,3.50000000e+00
"2006Q2",6.08333333e+00,6.71920543e+01,2.89566130e+00,8.31435567e+01,9.37952482e+01,4.08800000e+01,2.66830000e+02,3.50000000e+00
"2006Q3",7.25000000e+00,6.75187746e+01,3.22150770e+00,8.35813296e+01,9.41330129e+01,4.16466667e+01,2.75410000e+02,3.50000000e+00
"2006Q4",8.00000000e+00,6.76678747e+01,3.59019050e+00,8.42032725e+01,9.52601757e+01,4.24333333e+01,2.60250000e+02,3.50000000e+00
"2007Q1",8.00000000e+00,6.80552170e+01,3.82039060e+00,8.36225465e+01,9.64389100e+01,4.35700000e+01,2.52320000e+02,3.00000000e+00
"2007Q2",7.91666667e+00,6.84407275e+01,4.06779030e+00,8.33111469e+01,9.66152038e+01,4.43666667e+01,2.48310000e+02,3.00000000e+00
"2007Q3",7.66666667e+00,6.87914845e+01,4.49373850e+00,8.34642387e+01,9.68303610e+01,4.46833333e+01,2.51820000e+02,3.00000000e+00
"2007Q4",7.50000000e+00,6.96200613e+01,4.71839060e+00,8.39924425e+01,9.74060762e+01,4.54666667e+01,2.52860000e+02,3.00000000e+00
"2008Q1",7.50000000e+00,7.03401528e+01,4.47627420e+00,8.52269764e+01,9.80531211e+01,4.65800000e+01,2.59300000e+02,3.00000000e+00
"2008Q2",8.41666667e+00,7.09082305e+01,4.85926560e+00,8.55522931e+01,9.80789266e+01,4.73766667e+01,2.48040000e+02,3.00000000e+00
"2008Q3",8.50000000e+00,7.14574547e+01,4.98172730e+00,8.49685411e+01,9.71691949e+01,4.75066667e+01,2.36070000e+02,3.00000000e+00
"2008Q4",1.08333333e+01,7.12075914e+01,4.24237500e+00,8.21979145e+01,9.52657861e+01,4.73633333e+01,2.63360000e+02,3.00000000e+00
"2009Q1",9.50000000e+00,7.10108456e+01,2.00679370e+00,7.90590824e+01,9.22943700e+01,4.78466667e+01,2.94190000e+02,3.00000000e+00
"2009Q2",9.50000000e+00,7.10166796e+01,1.30796770e+00,7.87333007e+01,9.23051109e+01,4.90633333e+01,2.85710000e+02,3.00000000e+00
"2009Q3",8.00000000e+00,7.12029853e+01,8.70909100e-01,7.85164577e+01,9.29482817e+01,4.98133333e+01,2.71350000e+02,3.00000000e+00
"2009Q4",6.58333333e+00,7.15027385e+01,7.22000000e-01,7.87436425e+01,9.34511122e+01,4.97033333e+01,2.70880000e+02,3.00000000e+00
"2010Q1",5.75000000e+00,7.18053486e+01,6.61317500e-01,7.88071950e+01,9.35072265e+01,5.06466667e+01,2.68520000e+02,3.00000000e+00
"2010Q2",5.25000000e+00,7.21628757e+01,6.87587300e-01,7.94700182e+01,9.46247309e+01,5.16100000e+01,2.74850000e+02,3.00000000e+00
"2010Q3",5.25000000e+00,7.24494653e+01,8.74939400e-01,7.98169439e+01,9.49664962e+01,5.16233333e+01,2.82440000e+02,3.00000000e+00
"2010Q4",5.50000000e+00,7.29301470e+01,1.02083330e+00,8.01909213e+01,9.57215064e+01,5.18400000e+01,2.75770000e+02,3.00000000e+00
"2011Q1",6.00000000e+00,7.35781187e+01,1.09584380e+00,8.09453461e+01,9.64769110e+01,5.28000000e+01,2.72430000e+02,3.00000000e+00
"2011Q2",6.00000000e+00,7.41527407e+01,1.41593650e+00,8.08281548e+01,9.65063535e+01,5.36366667e+01,2.66420000e+02,3.00000000e+00
"2011Q3",6.00000000e+00,7.44019314e+01,1.56136360e+00,8.08511921e+01,9.62826942e+01,5.34033333e+01,2.75100000e+02,3.00000000e+00
"2011Q4",6.50000000e+00,7.50589495e+01,1.49537500e+00,8.18234027e+01,9.59496829e+01,5.39433333e+01,3.03470000e+02,3.00000000e+00
"2012Q1",7.00000000e+00,7.55656629e+01,1.04290770e+00,8.07175362e+01,9.62392804e+01,5.57766667e+01,2.96850000e+02,3.00000000e+00
"2012Q2",7.00000000e+00,7.59848352e+01,6.94290300e-01,7.98874614e+01,9.53103383e+01,5.66033333e+01,2.93980000e+02,3.00000000e+00
"2012Q3",6.75000000e+00,7.62805281e+01,3.61630800e-01,7.98183377e+01,9.50418160e+01,5.66233333e+01,2.83050000e+02,3.00000000e+00
"2012Q4",6.00000000e+00,7.67736515e+01,1.95781300e-01,7.98303587e+01,9.48648541e+01,5.68900000e+01,2.83250000e+02,3.00000000e+00
"2013Q1",5.25000000e+00,7.69985287e+01,2.11225800e-01,8.01554771e+01,9.43391330e+01,5.72700000e+01,2.96500000e+02,3.00000000e+00
"2013Q2",4.50000000e+00,7.70557673e+01,2.06650800e-01,8.11095664e+01,9.52223324e+01,5.76500000e+01,2.95530000e+02,3.00000000e+00
"2013Q3",3.80000000e+00,7.72777423e+01,2.23484800e-01,8.22457746e+01,9.55330103e+01,5.75466667e+01,2.97960000e+02,3.00000000e+00
"2013Q4",3.20000000e+00,7.73876387e+01,2.39921900e-01,8.29508825e+01,9.55466379e+01,5.72833333e+01,2.97430000e+02,3.00000000e+00
"2014Q1",2.71666667e+00,7.75303699e+01,2.95222200e-01,8.37343649e+01,9.59163134e+01,5.75133333e+01,3.07930000e+02,3.00000000e+00
"2014Q2",2.40000000e+00,7.74960015e+01,2.98080600e-01,8.49318688e+01,9.61850403e+01,5.75966667e+01,3.05910000e+02,3.00000000e+00
"2014Q3",2.10000000e+00,7.75160069e+01,1.64772700e-01,8.56309989e+01,9.68300352e+01,5.75900000e+01,3.12240000e+02,3.00000000e+00
"2014Q4",2.10000000e+00,7.75156409e+01,8.15156000e-02,8.63660953e+01,9.71093233e+01,5.70833333e+01,3.08530000e+02,3.00000000e+00
"2015Q1",2.05000000e+00,7.73245837e+01,4.56825000e-02,8.74448534e+01,9.76750239e+01,5.69733333e+01,3.08890000e+02,3.00000000e+00
"2015Q2",1.65000000e+00,7.78271404e+01,-6.70490000e-03,8.77473904e+01,9.81268673e+01,5.78466667e+01,3.06100000e+02,3.00000000e+00
"2015Q3",1.35000000e+00,7.77907148e+01,-2.76818000e-02,8.82977205e+01,9.87939366e+01,5.76933333e+01,3.12100000e+02,3.00000000e+00
"2015Q4",1.35000000e+00,7.77184874e+01,-8.92000000e-02,8.96658612e+01,9.93255172e+01,5.74266667e+01,3.12650000e+02,3.00000000e+00
"2016Q1",1.30000000e+00,7.73981134e+01,-1.86725800e-01,8.86125148e+01,9.93568627e+01,5.71833333e+01,3.12020000e+02,3.00000000e+00
"2016Q2",9.50000000e-01,7.77316568e+01,-2.58230800e-01,9.06499197e+01,1.00501829e+02,5.78466667e+01,3.13370000e+02,3.00000000e+00
"2016Q3",9.00000000e-01,7.79709482e+01,-2.98181800e-01,9.07870300e+01,1.00310719e+02,5.77566667e+01,3.11020000e+02,3.00000000e+00
"2016Q4",9.00000000e-01,7.82945925e+01,-3.12484400e-01,9.16169379e+01,1.00760251e+02,5.81766667e+01,3.09340000e+02,3.00000000e+00
"2017Q1",9.00000000e-01,7.87621819e+01,-3.27830800e-01,9.25780296e+01,1.02224632e+02,5.86900000e+01,3.09090000e+02,3.00000000e+00
"2017Q2",9.00000000e-01,7.89029563e+01,-3.29919400e-01,9.38590306e+01,1.02686774e+02,5.90700000e+01,3.09760000e+02,3.00000000e+00
"2017Q3",9.00000000e-01,7.91090423e+01,-3.29615400e-01,9.45590175e+01,1.03108576e+02,5.91866667e+01,3.06420000e+02,3.00000000e+00
"2017Q4",9.00000000e-01,7.94302190e+01,-3.28857100e-01,9.54949518e+01,1.03362260e+02,5.95300000e+01,3.11600000e+02,3.00000000e+00
"2018Q1",9.00000000e-01,7.97511921e+01,-3.28285700e-01,9.74736057e+01,1.04232532e+02,5.98766667e+01,3.11030000e+02,3.00000000e+00
"2018Q2",9.00000000e-01,8.02480532e+01,-3.25190500e-01,9.92851948e+01,1.05130770e+02,6.07233333e+01,3.17200000e+02,3.00000000e+00
"2018Q3",9.00000000e-01,8.07855680e+01,-3.19538500e-01,1.00090960e+02,1.04644831e+02,6.12733333e+01,3.24110000e+02,3.00000000e+00
"2018Q4",9.00000000e-01,8.09794975e+01,-3.15515600e-01,1.00638847e+02,1.04675235e+02,6.14900000e+01,3.23000000e+02,3.00000000e+00
"2019Q1",9.00000000e-01,8.08593716e+01,-3.08539700e-01,1.03033229e+02,1.06143847e+02,6.18133333e+01,3.17910000e+02,3.00000000e+00
"2019Q2",9.00000000e-01,8.13668600e+01,-3.16903200e-01,1.04302526e+02,1.06819310e+02,6.30300000e+01,3.22970000e+02,3.00000000e+00
"2019Q3",9.00000000e-01,8.15624066e+01,-3.95909100e-01,1.05477446e+02,1.06879042e+02,6.31900000e+01,3.28100000e+02,3.00000000e+00
"2019Q4",9.00000000e-01,8.18299703e+01,-4.03390600e-01,1.04918741e+02,1.05699405e+02,6.36533333e+01,3.31930000e+02,3.00000000e+00
"2020Q1",9.00000000e-01,8.17156262e+01,-4.05437500e-01,1.05770901e+02,1.03327761e+02,6.45000000e+01,3.39140000e+02,3.00000000e+00
"2020Q2",8.50000000e-01,8.15508571e+01,-3.03096800e-01,9.09643899e+01,9.19137175e+01,6.46366667e+01,3.51580000e+02,3.00000000e+00
"2020Q3",6.00000000e-01,8.15346168e+01,-4.71197000e-01,1.01357615e+02,1.02502507e+02,6.55700000e+01,3.53600000e+02,3.00000000e+00
"2020Q4",6.00000000e-01,8.16349960e+01,-5.22723100e-01,1.02140084e+02,1.02226732e+02,6.54766667e+01,3.60470000e+02,3.00000000e+00
"2021Q1",6.00000000e-01,8.25475462e+01,-5.42285700e-01,1.03963690e+02,1.03575188e+02,6.66600000e+01,3.61210000e+02,3.00000000e+00
"2021Q2",7.00000000e-01,8.30544434e+01,-5.40460300e-01,1.06867865e+02,1.06155551e+02,6.80366667e+01,3.54550000e+02,3.00000000e+00
"2021Q3",1.45000000e+00,8.38312709e+01,-5.45818200e-01,1.07690221e+02,1.07660500e+02,6.88766667e+01,3.53870000e+02,3.00000000e+00
"2021Q4",2.10000000e+00,8.54419430e+01,-5.66863600e-01,1.09996629e+02,1.08123727e+02,7.01533333e+01,3.64380000e+02,3.00000000e+00
"2022Q1",3.56666667e+00,8.75910202e+01,-5.27937500e-01,1.11903577e+02,1.09427114e+02,7.22000000e+01,3.64600000e+02,3.00000000e+00
"2022Q2",6.18333333e+00,8.97604647e+01,-3.53317500e-01,1.13174013e+02,1.10659492e+02,7.55266667e+01,3.85830000e+02,3.00000000e+00
"2022Q3",1.18333333e+01,9.16181886e+01,4.86166700e-01,1.11747806e+02,1.10682888e+02,8.12766667e+01,4.03430000e+02,3.00000000e+00
"2022Q4",1.30000000e+01,9.39673099e+01,1.77295310e+00,1.10179399e+02,1.10292706e+02,8.65200000e+01,4.10820000e+02,3.00000000e+00
"2023Q1",1.30000000e+01,9.45776129e+01,2.63595380e+00,1.10469943e+02,1.11102117e+02,9.08833333e+01,3.88710000e+02,3.00000000e+00
"2023Q2",1.30000000e+01,9.53385160e+01,3.37414520e+00,1.10103608e+02,1.10879245e+02,9.21866667e+01,3.72600000e+02,3.00000000e+00
"2023Q3",1.30000000e+01,9.61343122e+01,3.77747690e+00,1.11524690e+02,1.10592468e+02,9.31233333e+01,3.83550000e+02,3.00000000e+00
"2023Q4",1.15000000e+01,9.65520708e+01,3.95915870e+00,1.10988439e+02,1.10645153e+02,9.30733333e+01,3.82120000e+02,3.00000000e+00
"2024Q1",9.08333333e+00,9.70272250e+01,3.92388890e+00,1.11348383e+02,1.11295251e+02,9.41833333e+01,3.88180000e+02,3.00000000e+00
"2024Q2",7.33333333e+00,9.77265021e+01,3.80890480e+00,1.11674753e+02,1.11569164e+02,9.56100000e+01,3.91330000e+02,3.00000000e+00
"2024Q3",6.66666667e+00,9.81961698e+01,3.55918180e+00,1.11001438e+02,1.11975019e+02,9.63766667e+01,3.94100000e+02,3.00000000e+00
"2024Q4",6.50000000e+00,9.87019435e+01,3.00728130e+00,1.11521574e+02,1.12239213e+02,9.68133333e+01,4.07460000e+02,3.00000000e+00
"2025Q1",6.50000000e+00,9.93016766e+01,2.56006350e+00,1.11400834e+02,1.12769826e+02,9.92733333e+01,4.05020000e+02,3.00000000e+00
"2025Q2",6.50000000e+00,9.97074588e+01,2.10445160e+00,1.11733618e+02,1.13039290e+02,9.98433333e+01,4.04110000e+02,3.00000000e+00
"2025Q3",6.50000000e+00,1.00242148e+02,2.01104550e+00,1.11686852e+02,1.13471951e+02,1.00446667e+02,3.95800000e+02,3.00000000e+00